{
  "operating_threshold": 0.9854087012828842,
  "threshold_selection_rule": "max F1 on the toxic (positive) class, dev only",
  "precision_floor_candidate": {
    "floor": 0.8,
    "reachable": true,
    "threshold": 0.9999999999996589,
    "precision": 0.8034188034188035,
    "recall": 0.1950207468879668
  },
  "pr_auc": {
    "dev": 0.6097100908960694,
    "test": 0.6171683175405166
  },
  "model_toxic_class": {
    "dev": {
      "precision": 0.594541910331384,
      "recall": 0.6327800829875518,
      "f1": 0.6130653266331658
    },
    "test": {
      "precision": 0.5824532900081235,
      "recall": 0.6333922261484098,
      "f1": 0.6068556919170546
    }
  },
  "majority_baseline_toxic_class": {
    "dev": {
      "precision": 0.0,
      "recall": 0.0,
      "f1": 0.0
    },
    "test": {
      "precision": 0.0,
      "recall": 0.0,
      "f1": 0.0
    }
  },
  "audit": "test evaluated once on 2026-07-13 at threshold=0.985409"
}